,weight_2016,vatax_2016,CONS_Total_2016,weight_2017,vatax_2017,CONS_Total_2017,weight_2018,vatax_2018,CONS_Total_2018,weight_2019,vatax_2019,CONS_Total_2019,weight_2020,vatax_2020,CONS_Total_2020,weight_2021,vatax_2021,CONS_Total_2021,weight_2022,vatax_2022,CONS_Total_2022,weight_2023,vatax_2023,CONS_Total_2023,weight_2024,vatax_2024,CONS_Total_2024,weight_2025,vatax_2025,CONS_Total_2025,weight_ref_2025,vatax_ref_2025,CONS_Total_ref_2025,weight_ref_2026,vatax_ref_2026,CONS_Total_ref_2026,weight_ref_2027,vatax_ref_2027,CONS_Total_ref_2027,weight_ref_2028,vatax_ref_2028,CONS_Total_ref_2028,weight_ref_2029,vatax_ref_2029,CONS_Total_ref_2029,weight_ref_2030,vatax_ref_2030,CONS_Total_ref_2030,ETR,ETR_ref
0,"8,998.1074",5.0000,45.0000,"8,998.1074",6.0000,53.0000,"8,998.1074",6.0000,50.0000,"8,998.1074",6.0000,55.0000,"8,998.1074",6.0000,53.0000,"8,998.1074",9.0000,75.0000,"8,998.1074",8.0000,64.0000,"8,998.1074",8.0000,69.0000,"8,998.1074",9.0000,77.0000,"8,998.1074",10.0000,83.0000,"8,998.1074",10.0000,83.0000,"8,998.1074",10.0000,88.0000,"8,998.1074",11.0000,95.0000,"8,998.1074",12.0000,101.0000,"8,998.1074",13.0000,109.0000,"8,998.1074",14.0000,116.0000,0.1205,0.1205
1,"8,998.0396",12.0000,118.0000,"8,998.0396",14.0000,138.0000,"8,998.0396",13.0000,131.0000,"8,998.0396",14.0000,143.0000,"8,998.0396",14.0000,139.0000,"8,998.0396",19.0000,195.0000,"8,998.0396",17.0000,167.0000,"8,998.0396",18.0000,180.0000,"8,998.0396",20.0000,201.0000,"8,998.0396",21.0000,214.0000,"8,998.0396",21.0000,214.0000,"8,998.0396",23.0000,230.0000,"8,998.0396",25.0000,246.0000,"8,998.0396",26.0000,263.0000,"8,998.0396",28.0000,282.0000,"8,998.0396",30.0000,302.0000,0.0981,0.0981
2,"9,051.8771",18.0000,166.0000,"9,051.8771",20.0000,194.0000,"9,051.8771",19.0000,184.0000,"9,051.8771",21.0000,201.0000,"9,051.8771",21.0000,195.0000,"9,051.8771",29.0000,273.0000,"9,051.8771",25.0000,234.0000,"9,051.8771",27.0000,253.0000,"9,051.8771",30.0000,281.0000,"9,051.8771",32.0000,301.0000,"9,051.8771",32.0000,301.0000,"9,051.8771",34.0000,322.0000,"9,051.8771",36.0000,345.0000,"9,051.8771",39.0000,369.0000,"9,051.8771",42.0000,396.0000,"9,051.8771",45.0000,424.0000,0.1063,0.1063
3,"9,089.4495",15.0000,202.0000,"9,089.4495",18.0000,237.0000,"9,089.4495",17.0000,224.0000,"9,089.4495",19.0000,245.0000,"9,089.4495",18.0000,237.0000,"9,089.4495",25.0000,333.0000,"9,089.4495",22.0000,285.0000,"9,089.4495",23.0000,308.0000,"9,089.4495",26.0000,343.0000,"9,089.4495",28.0000,367.0000,"9,089.4495",28.0000,367.0000,"9,089.4495",30.0000,393.0000,"9,089.4495",32.0000,420.0000,"9,089.4495",34.0000,450.0000,"9,089.4495",37.0000,482.0000,"9,089.4495",39.0000,517.0000,0.0763,0.0763
4,"8,708.5306",22.0000,218.0000,"8,708.5306",26.0000,255.0000,"8,708.5306",25.0000,242.0000,"8,708.5306",27.0000,265.0000,"8,708.5306",26.0000,256.0000,"8,708.5306",37.0000,359.0000,"8,708.5306",31.0000,308.0000,"8,708.5306",34.0000,332.0000,"8,708.5306",38.0000,370.0000,"8,708.5306",40.0000,396.0000,"8,708.5306",40.0000,396.0000,"8,708.5306",43.0000,424.0000,"8,708.5306",46.0000,454.0000,"8,708.5306",50.0000,486.0000,"8,708.5306",53.0000,521.0000,"8,708.5306",57.0000,558.0000,0.1010,0.1010
5,"9,353.6977",23.0000,258.0000,"9,290.1268",26.0000,300.0000,"9,353.6977",25.0000,287.0000,"9,290.1268",27.0000,312.0000,"9,353.6977",27.0000,304.0000,"9,290.1268",37.0000,423.0000,"9,353.6977",32.0000,365.0000,"9,353.6977",35.0000,394.0000,"9,353.6977",38.0000,439.0000,"9,353.6977",41.0000,469.0000,"9,353.6977",41.0000,469.0000,"9,290.1268",44.0000,499.0000,"9,290.1268",47.0000,534.0000,"9,353.6977",51.0000,576.0000,"9,290.1268",54.0000,613.0000,"9,290.1268",58.0000,656.0000,0.0874,0.0874
6,"9,030.6209",21.0000,275.0000,"9,094.1918",25.0000,325.0000,"9,030.6209",23.0000,306.0000,"9,094.1918",25.0000,337.0000,"9,030.6209",24.0000,324.0000,"9,094.1918",35.0000,457.0000,"9,030.6209",29.0000,389.0000,"9,030.6209",32.0000,420.0000,"9,030.6209",35.0000,468.0000,"9,030.6209",38.0000,500.0000,"9,030.6209",38.0000,500.0000,"9,094.1918",41.0000,539.0000,"9,094.1918",44.0000,577.0000,"9,030.6209",46.0000,614.0000,"9,094.1918",50.0000,662.0000,"9,094.1918",54.0000,709.0000,0.0760,0.0760
7,"8,930.1135",24.0000,293.0000,"8,930.1135",29.0000,343.0000,"8,930.1135",27.0000,326.0000,"8,930.1135",30.0000,356.0000,"8,930.1135",29.0000,345.0000,"8,930.1135",40.0000,483.0000,"8,930.1135",34.0000,414.0000,"8,930.1135",37.0000,447.0000,"8,930.1135",42.0000,498.0000,"8,930.1135",44.0000,532.0000,"8,930.1135",44.0000,532.0000,"8,930.1135",48.0000,570.0000,"8,930.1135",51.0000,610.0000,"8,930.1135",54.0000,654.0000,"8,930.1135",58.0000,700.0000,"8,930.1135",63.0000,750.0000,0.0827,0.0827
8,"9,138.8206",26.0000,329.0000,"9,138.8206",30.0000,385.0000,"9,138.8206",29.0000,365.0000,"9,138.8206",31.0000,399.0000,"9,138.8206",30.0000,386.0000,"9,138.8206",42.0000,542.0000,"9,138.8206",36.0000,464.0000,"9,138.8206",39.0000,501.0000,"9,138.8206",44.0000,558.0000,"9,138.8206",47.0000,596.0000,"9,138.8206",47.0000,596.0000,"9,138.8206",50.0000,639.0000,"9,138.8206",54.0000,684.0000,"9,138.8206",57.0000,732.0000,"9,138.8206",62.0000,785.0000,"9,138.8206",66.0000,841.0000,0.0789,0.0789
9,"9,044.0760",23.0000,356.0000,"9,044.0760",27.0000,416.0000,"8,915.8540",25.0000,389.0000,"9,044.0760",28.0000,432.0000,"9,044.0760",27.0000,418.0000,"9,044.0760",38.0000,586.0000,"9,044.0760",33.0000,502.0000,"9,044.0760",35.0000,542.0000,"9,044.0760",39.0000,604.0000,"9,044.0760",42.0000,645.0000,"9,044.0760",42.0000,645.0000,"8,915.8540",45.0000,681.0000,"9,044.0760",48.0000,740.0000,"9,044.0760",52.0000,792.0000,"9,044.0760",55.0000,849.0000,"9,044.0760",59.0000,910.0000,0.0651,0.0651
10,"9,004.8060",24.0000,378.0000,"9,004.8060",29.0000,442.0000,"9,133.0281",27.0000,425.0000,"9,004.8060",30.0000,459.0000,"9,004.8060",29.0000,444.0000,"9,004.8060",40.0000,623.0000,"9,004.8060",34.0000,533.0000,"9,004.8060",37.0000,576.0000,"9,004.8060",41.0000,642.0000,"9,004.8060",44.0000,686.0000,"9,004.8060",44.0000,686.0000,"9,133.0281",48.0000,745.0000,"9,004.8060",51.0000,786.0000,"9,004.8060",54.0000,842.0000,"9,004.8060",58.0000,902.0000,"9,004.8060",62.0000,967.0000,0.0641,0.0641
11,"9,080.7925",27.0000,400.0000,"9,080.7925",32.0000,469.0000,"9,080.7925",30.0000,444.0000,"9,080.7925",33.0000,486.0000,"9,080.7925",32.0000,470.0000,"9,080.7925",45.0000,660.0000,"9,080.7925",38.0000,565.0000,"9,080.7925",41.0000,610.0000,"9,080.7925",46.0000,680.0000,"9,080.7925",49.0000,727.0000,"9,080.7925",49.0000,727.0000,"9,080.7925",53.0000,778.0000,"9,080.7925",57.0000,833.0000,"9,080.7925",61.0000,892.0000,"9,080.7925",65.0000,956.0000,"9,080.7925",70.0000,"1,024.0000",0.0674,0.0674
12,"9,036.9161",30.0000,420.0000,"9,036.9161",35.0000,492.0000,"9,036.9161",34.0000,466.0000,"9,036.9161",37.0000,510.0000,"9,036.9161",35.0000,494.0000,"9,036.9161",50.0000,693.0000,"9,036.9161",43.0000,593.0000,"9,036.9161",46.0000,640.0000,"9,036.9161",51.0000,713.0000,"9,036.9161",55.0000,763.0000,"9,036.9161",55.0000,763.0000,"9,036.9161",59.0000,817.0000,"9,036.9161",63.0000,874.0000,"9,036.9161",67.0000,936.0000,"9,036.9161",72.0000,"1,003.0000","9,036.9161",77.0000,"1,075.0000",0.0721,0.0721
13,"8,538.1473",30.0000,418.0000,"8,538.1473",35.0000,489.0000,"8,538.1473",33.0000,464.0000,"8,538.1473",36.0000,508.0000,"8,538.1473",35.0000,491.0000,"8,538.1473",49.0000,689.0000,"8,538.1473",42.0000,590.0000,"8,538.1473",45.0000,637.0000,"8,538.1473",51.0000,710.0000,"8,538.1473",54.0000,759.0000,"8,538.1473",54.0000,759.0000,"8,538.1473",58.0000,813.0000,"8,538.1473",62.0000,870.0000,"8,538.1473",66.0000,932.0000,"8,538.1473",71.0000,998.0000,"8,538.1473",76.0000,"1,070.0000",0.0711,0.0711
14,"9,512.4321",37.0000,486.0000,"9,512.4321",44.0000,569.0000,"9,512.4321",41.0000,540.0000,"9,512.4321",45.0000,591.0000,"9,512.4321",44.0000,571.0000,"9,512.4321",61.0000,802.0000,"9,512.4321",53.0000,686.0000,"9,512.4321",57.0000,741.0000,"9,512.4321",63.0000,826.0000,"9,512.4321",68.0000,883.0000,"9,512.4321",68.0000,883.0000,"9,512.4321",72.0000,945.0000,"9,512.4321",77.0000,"1,012.0000","9,512.4321",83.0000,"1,084.0000","9,512.4321",89.0000,"1,161.0000","9,512.4321",95.0000,"1,244.0000",0.0770,0.0770
15,"8,963.8695",38.0000,485.0000,"8,963.8695",44.0000,567.0000,"8,963.8695",42.0000,538.0000,"8,963.8695",46.0000,589.0000,"8,963.8695",44.0000,569.0000,"8,963.8695",62.0000,799.0000,"8,963.8695",53.0000,684.0000,"8,963.8695",57.0000,739.0000,"8,963.8695",64.0000,823.0000,"8,963.8695",68.0000,880.0000,"8,963.8695",68.0000,880.0000,"8,963.8695",73.0000,942.0000,"8,963.8695",78.0000,"1,009.0000","8,963.8695",84.0000,"1,080.0000","8,963.8695",90.0000,"1,157.0000","8,963.8695",96.0000,"1,240.0000",0.0773,0.0773
16,"9,126.7498",42.0000,512.0000,"9,126.7498",50.0000,599.0000,"9,126.7498",47.0000,568.0000,"9,126.7498",51.0000,622.0000,"9,126.7498",50.0000,601.0000,"9,126.7498",70.0000,844.0000,"9,126.7498",60.0000,722.0000,"9,126.7498",65.0000,780.0000,"9,126.7498",72.0000,869.0000,"9,126.7498",77.0000,929.0000,"9,126.7498",77.0000,929.0000,"9,126.7498",82.0000,995.0000,"9,126.7498",88.0000,"1,066.0000","9,126.7498",94.0000,"1,141.0000","9,126.7498",101.0000,"1,222.0000","9,126.7498",108.0000,"1,310.0000",0.0829,0.0829
17,"9,007.5775",45.0000,524.0000,"9,007.5775",53.0000,614.0000,"9,007.5775",50.0000,582.0000,"9,007.5775",55.0000,637.0000,"9,007.5775",53.0000,616.0000,"9,007.5775",75.0000,864.0000,"9,007.5775",64.0000,739.0000,"9,007.5775",69.0000,799.0000,"9,007.5775",77.0000,890.0000,"9,007.5775",83.0000,951.0000,"9,007.5775",83.0000,951.0000,"9,007.5775",88.0000,"1,019.0000","9,007.5775",95.0000,"1,091.0000","9,007.5775",101.0000,"1,168.0000","9,007.5775",109.0000,"1,251.0000","9,007.5775",116.0000,"1,341.0000",0.0873,0.0873
18,"8,941.0791",36.0000,545.0000,"8,941.0791",42.0000,638.0000,"8,941.0791",40.0000,605.0000,"8,941.0791",44.0000,662.0000,"8,941.0791",42.0000,640.0000,"8,941.0791",59.0000,899.0000,"8,941.0791",51.0000,769.0000,"8,941.0791",55.0000,831.0000,"8,941.0791",61.0000,926.0000,"8,941.0791",66.0000,989.0000,"8,941.0791",66.0000,989.0000,"8,941.0791",70.0000,"1,059.0000","8,941.0791",75.0000,"1,134.0000","8,941.0791",80.0000,"1,215.0000","8,941.0791",86.0000,"1,302.0000","8,941.0791",92.0000,"1,394.0000",0.0667,0.0667
19,"9,104.4666",41.0000,577.0000,"9,104.4666",48.0000,675.0000,"9,104.4666",46.0000,640.0000,"9,104.4666",50.0000,701.0000,"9,104.4666",49.0000,678.0000,"9,104.4666",68.0000,951.0000,"9,104.4666",58.0000,814.0000,"9,104.4666",63.0000,880.0000,"9,104.4666",70.0000,980.0000,"9,104.4666",75.0000,"1,047.0000","9,104.4666",75.0000,"1,047.0000","9,104.4666",80.0000,"1,121.0000","9,104.4666",86.0000,"1,201.0000","9,104.4666",92.0000,"1,286.0000","9,104.4666",99.0000,"1,378.0000","9,104.4666",106.0000,"1,476.0000",0.0716,0.0716
20,"9,042.8698",53.0000,592.0000,"9,042.8698",62.0000,692.0000,"9,042.8698",59.0000,657.0000,"9,042.8698",65.0000,719.0000,"9,042.8698",62.0000,695.0000,"9,042.8698",88.0000,975.0000,"9,042.8698",75.0000,835.0000,"9,042.8698",81.0000,902.0000,"9,042.8698",90.0000,"1,004.0000","9,042.8698",96.0000,"1,074.0000","9,042.8698",96.0000,"1,074.0000","9,042.8698",103.0000,"1,150.0000","9,042.8698",111.0000,"1,231.0000","9,042.8698",118.0000,"1,318.0000","9,042.8698",127.0000,"1,412.0000","9,042.8698",136.0000,"1,513.0000",0.0894,0.0894
21,"9,047.3063",45.0000,619.0000,"9,047.3063",53.0000,725.0000,"9,047.3063",50.0000,688.0000,"9,047.3063",55.0000,753.0000,"9,047.3063",53.0000,728.0000,"9,047.3063",75.0000,"1,021.0000","9,047.3063",64.0000,874.0000,"9,047.3063",69.0000,944.0000,"9,047.3063",77.0000,"1,052.0000","9,047.3063",82.0000,"1,125.0000","9,047.3063",82.0000,"1,125.0000","9,047.3063",88.0000,"1,204.0000","9,047.3063",94.0000,"1,289.0000","9,047.3063",101.0000,"1,381.0000","9,047.3063",108.0000,"1,479.0000","9,065.6487",116.0000,"1,588.0000",0.0729,0.0729
22,"8,913.0786",46.0000,637.0000,"8,913.0786",54.0000,746.0000,"8,913.0786",51.0000,707.0000,"8,913.0786",56.0000,774.0000,"8,913.0786",54.0000,749.0000,"8,913.0786",76.0000,"1,051.0000","8,913.0786",65.0000,899.0000,"8,913.0786",70.0000,971.0000,"8,913.0786",78.0000,"1,082.0000","8,913.0786",83.0000,"1,157.0000","8,913.0786",83.0000,"1,157.0000","8,913.0786",89.0000,"1,239.0000","8,913.0786",95.0000,"1,326.0000","8,913.0786",102.0000,"1,420.0000","8,913.0786",109.0000,"1,522.0000","8,894.7362",117.0000,"1,627.0000",0.0717,0.0717
23,"9,156.7642",52.0000,679.0000,"9,156.7642",61.0000,795.0000,"9,156.7642",57.0000,754.0000,"9,156.7642",63.0000,825.0000,"9,156.7642",61.0000,798.0000,"9,156.7642",85.0000,"1,119.0000","9,156.7642",73.0000,958.0000,"9,156.7642",79.0000,"1,035.0000","9,156.7642",88.0000,"1,153.0000","9,156.7642",94.0000,"1,232.0000","9,156.7642",94.0000,"1,232.0000","9,156.7642",101.0000,"1,320.0000","9,156.7642",108.0000,"1,413.0000","9,156.7642",115.0000,"1,513.0000","9,156.7642",124.0000,"1,621.0000","9,156.7642",132.0000,"1,737.0000",0.0763,0.0763
24,"9,053.3967",53.0000,695.0000,"9,053.3967",62.0000,814.0000,"9,053.3967",59.0000,772.0000,"9,053.3967",64.0000,845.0000,"9,053.3967",62.0000,817.0000,"9,053.3967",87.0000,"1,146.0000","9,053.3967",74.0000,981.0000,"9,053.3967",80.0000,"1,060.0000","9,053.3967",90.0000,"1,181.0000","9,053.3967",96.0000,"1,262.0000","9,053.3967",96.0000,"1,262.0000","9,053.3967",102.0000,"1,352.0000","9,053.3967",110.0000,"1,447.0000","9,053.3967",118.0000,"1,550.0000","9,053.3967",126.0000,"1,660.0000","9,053.3967",135.0000,"1,779.0000",0.0761,0.0761
25,"8,966.0742",45.0000,709.0000,"8,966.0742",53.0000,830.0000,"8,966.0742",50.0000,787.0000,"8,966.0742",55.0000,862.0000,"8,966.0742",53.0000,833.0000,"8,966.0742",75.0000,"1,169.0000","8,966.0742",64.0000,"1,001.0000","8,966.0742",69.0000,"1,081.0000","8,966.0742",77.0000,"1,204.0000","8,966.0742",82.0000,"1,288.0000","8,966.0742",82.0000,"1,288.0000","8,966.0742",88.0000,"1,379.0000","8,966.0742",94.0000,"1,476.0000","8,966.0742",101.0000,"1,581.0000","8,966.0742",108.0000,"1,694.0000","8,966.0742",116.0000,"1,815.0000",0.0637,0.0637
26,"9,110.5106",62.0000,744.0000,"9,110.5106",72.0000,871.0000,"9,110.5106",69.0000,826.0000,"9,110.5106",75.0000,904.0000,"9,110.5106",73.0000,874.0000,"9,110.5106",102.0000,"1,227.0000","9,110.5106",87.0000,"1,050.0000","9,110.5106",94.0000,"1,135.0000","9,110.5106",105.0000,"1,264.0000","9,110.5106",112.0000,"1,351.0000","9,110.5106",112.0000,"1,351.0000","9,110.5106",120.0000,"1,447.0000","9,110.5106",128.0000,"1,549.0000","9,110.5106",138.0000,"1,659.0000","9,110.5106",147.0000,"1,777.0000","9,110.5106",158.0000,"1,904.0000",0.0829,0.0829
27,"9,065.1473",56.0000,761.0000,"9,065.1473",66.0000,891.0000,"9,065.1473",62.0000,845.0000,"9,065.1473",68.0000,924.0000,"9,065.1473",66.0000,894.0000,"9,065.1473",93.0000,"1,255.0000","9,065.1473",79.0000,"1,074.0000","9,065.1473",86.0000,"1,160.0000","9,065.1473",96.0000,"1,292.0000","9,065.1473",102.0000,"1,382.0000","9,065.1473",102.0000,"1,382.0000","9,065.1473",109.0000,"1,479.0000","9,065.1473",117.0000,"1,584.0000","9,065.1473",125.0000,"1,696.0000","9,065.1473",134.0000,"1,817.0000","9,065.1473",144.0000,"1,947.0000",0.0738,0.0738
28,"9,009.3048",55.0000,781.0000,"9,009.3048",65.0000,915.0000,"9,009.3048",61.0000,867.0000,"9,009.3048",67.0000,949.0000,"9,009.3048",65.0000,918.0000,"9,009.3048",91.0000,"1,288.0000","9,009.3048",78.0000,"1,102.0000","9,009.3048",84.0000,"1,191.0000","9,009.3048",94.0000,"1,327.0000","9,009.3048",100.0000,"1,418.0000","9,009.3048",100.0000,"1,418.0000","9,009.3048",107.0000,"1,518.0000","9,009.3048",115.0000,"1,626.0000","9,009.3048",123.0000,"1,741.0000","9,009.3048",132.0000,"1,865.0000","9,009.3048",141.0000,"1,998.0000",0.0705,0.0705
29,"9,024.5426",52.0000,808.0000,"9,024.5426",60.0000,946.0000,"9,024.5426",57.0000,897.0000,"9,024.5426",63.0000,982.0000,"9,024.5426",61.0000,950.0000,"9,024.5426",85.0000,"1,333.0000","9,024.5426",73.0000,"1,140.0000","9,024.5426",79.0000,"1,232.0000","9,024.5426",88.0000,"1,373.0000","9,024.5426",94.0000,"1,467.0000","9,024.5426",94.0000,"1,467.0000","9,024.5426",100.0000,"1,571.0000","9,024.5426",107.0000,"1,682.0000","9,024.5426",115.0000,"1,802.0000","9,024.5426",123.0000,"1,930.0000","9,024.5426",132.0000,"2,068.0000",0.0641,0.0641
30,"8,902.0076",56.0000,824.0000,"8,902.0076",66.0000,964.0000,"8,902.0076",62.0000,914.0000,"8,902.0076",68.0000,"1,001.0000","8,902.0076",66.0000,968.0000,"8,902.0076",93.0000,"1,358.0000","8,902.0076",79.0000,"1,162.0000","8,902.0076",86.0000,"1,256.0000","8,902.0076",96.0000,"1,399.0000","8,902.0076",102.0000,"1,495.0000","8,902.0076",102.0000,"1,495.0000","8,902.0076",109.0000,"1,601.0000","8,902.0076",117.0000,"1,714.0000","8,902.0076",125.0000,"1,836.0000","8,902.0076",134.0000,"1,967.0000","8,902.0076",144.0000,"2,107.0000",0.0682,0.0682
31,"9,101.4023",62.0000,868.0000,"9,101.4023",73.0000,"1,016.0000","9,101.4023",69.0000,963.0000,"9,101.4023",76.0000,"1,054.0000","9,101.4023",73.0000,"1,020.0000","9,101.4023",103.0000,"1,431.0000","9,101.4023",88.0000,"1,224.0000","9,101.4023",95.0000,"1,323.0000","9,101.4023",106.0000,"1,474.0000","9,101.4023",113.0000,"1,575.0000","9,101.4023",113.0000,"1,575.0000","9,101.4023",121.0000,"1,687.0000","9,101.4023",129.0000,"1,806.0000","9,101.4023",139.0000,"1,934.0000","9,101.4023",149.0000,"2,072.0000","9,101.4023",159.0000,"2,220.0000",0.0717,0.0717
32,"9,072.0514",68.0000,890.0000,"9,072.0514",79.0000,"1,042.0000","9,072.0514",75.0000,988.0000,"9,072.0514",82.0000,"1,081.0000","9,072.0514",80.0000,"1,045.0000","9,072.0514",112.0000,"1,467.0000","9,072.0514",96.0000,"1,255.0000","9,072.0514",103.0000,"1,356.0000","9,072.0514",115.0000,"1,511.0000","9,072.0514",123.0000,"1,615.0000","9,072.0514",123.0000,"1,615.0000","9,072.0514",132.0000,"1,730.0000","9,072.0514",141.0000,"1,852.0000","9,072.0514",151.0000,"1,983.0000","9,072.0514",162.0000,"2,125.0000","9,072.0514",173.0000,"2,276.0000",0.0762,0.0762
33,"9,051.1877",55.0000,908.0000,"9,051.1877",65.0000,"1,063.0000","9,051.1877",61.0000,"1,008.0000","9,051.1877",67.0000,"1,103.0000","9,051.1877",65.0000,"1,067.0000","9,051.1877",91.0000,"1,497.0000","9,051.1877",78.0000,"1,281.0000","9,051.1877",84.0000,"1,384.0000","9,051.1877",94.0000,"1,542.0000","9,051.1877",100.0000,"1,648.0000","9,051.1877",100.0000,"1,648.0000","9,051.1877",107.0000,"1,765.0000","9,051.1877",115.0000,"1,890.0000","9,051.1877",123.0000,"2,024.0000","9,051.1877",132.0000,"2,168.0000","9,051.1877",141.0000,"2,323.0000",0.0607,0.0607
34,"9,092.3721",72.0000,935.0000,"9,092.3721",85.0000,"1,095.0000","9,092.3721",80.0000,"1,038.0000","9,092.3721",88.0000,"1,136.0000","9,092.3721",85.0000,"1,098.0000","9,092.3721",119.0000,"1,541.0000","9,092.3721",102.0000,"1,319.0000","9,092.3721",110.0000,"1,425.0000","9,092.3721",123.0000,"1,588.0000","9,092.3721",131.0000,"1,697.0000","9,092.3721",131.0000,"1,697.0000","9,092.3721",140.0000,"1,817.0000","9,092.3721",150.0000,"1,946.0000","9,092.3721",161.0000,"2,084.0000","9,092.3721",173.0000,"2,233.0000","9,092.3721",185.0000,"2,392.0000",0.0772,0.0772
35,"9,002.1460",62.0000,950.0000,"9,002.1460",72.0000,"1,113.0000","9,002.1460",69.0000,"1,055.0000","9,002.1460",75.0000,"1,155.0000","9,002.1460",73.0000,"1,117.0000","9,002.1460",102.0000,"1,567.0000","9,002.1460",87.0000,"1,341.0000","9,002.1460",94.0000,"1,449.0000","9,002.1460",105.0000,"1,614.0000","9,002.1460",112.0000,"1,725.0000","9,002.1460",112.0000,"1,725.0000","9,002.1460",120.0000,"1,847.0000","9,002.1460",129.0000,"1,978.0000","9,002.1460",138.0000,"2,118.0000","9,002.1460",147.0000,"2,269.0000","9,002.1460",158.0000,"2,431.0000",0.0649,0.0649
36,"8,998.8756",78.0000,982.0000,"8,998.8756",91.0000,"1,149.0000","8,998.8756",86.0000,"1,090.0000","8,998.8756",94.0000,"1,193.0000","8,998.8756",91.0000,"1,154.0000","8,998.8756",128.0000,"1,619.0000","8,998.8756",110.0000,"1,385.0000","8,998.8756",118.0000,"1,497.0000","8,998.8756",132.0000,"1,667.0000","8,998.8756",141.0000,"1,782.0000","8,998.8756",141.0000,"1,782.0000","8,998.8756",151.0000,"1,909.0000","8,998.8756",162.0000,"2,044.0000","8,998.8756",173.0000,"2,188.0000","8,998.8756",185.0000,"2,345.0000","8,998.8756",199.0000,"2,512.0000",0.0791,0.0791
37,"8,932.8306",66.0000,"1,002.0000","8,932.8306",77.0000,"1,173.0000","8,932.8306",73.0000,"1,113.0000","8,932.8306",80.0000,"1,217.0000","8,932.8306",78.0000,"1,177.0000","8,932.8306",109.0000,"1,652.0000","8,932.8306",93.0000,"1,414.0000","8,932.8306",101.0000,"1,528.0000","8,932.8306",112.0000,"1,702.0000","8,932.8306",120.0000,"1,819.0000","8,932.8306",120.0000,"1,819.0000","8,932.8306",128.0000,"1,948.0000","8,932.8306",137.0000,"2,086.0000","8,932.8306",147.0000,"2,234.0000","8,932.8306",158.0000,"2,393.0000","8,932.8306",169.0000,"2,564.0000",0.0660,0.0660
38,"9,161.5205",74.0000,"1,051.0000","9,161.5205",87.0000,"1,230.0000","9,161.5205",82.0000,"1,167.0000","9,161.5205",90.0000,"1,276.0000","9,161.5205",87.0000,"1,235.0000","9,161.5205",122.0000,"1,732.0000","9,161.5205",105.0000,"1,483.0000","9,161.5205",113.0000,"1,602.0000","9,161.5205",126.0000,"1,784.0000","9,161.5205",135.0000,"1,908.0000","9,161.5205",135.0000,"1,908.0000","9,161.5205",144.0000,"2,043.0000","9,161.5205",154.0000,"2,187.0000","9,161.5205",165.0000,"2,342.0000","9,161.5205",177.0000,"2,509.0000","9,161.5205",190.0000,"2,688.0000",0.0708,0.0708
39,"9,027.6227",77.0000,"1,055.0000","9,027.6227",91.0000,"1,235.0000","9,027.6227",86.0000,"1,171.0000","9,027.6227",94.0000,"1,281.0000","9,027.6227",91.0000,"1,239.0000","9,027.6227",127.0000,"1,739.0000","9,027.6227",109.0000,"1,488.0000","9,027.6227",118.0000,"1,608.0000","9,027.6227",131.0000,"1,791.0000","9,027.6227",140.0000,"1,915.0000","9,027.6227",140.0000,"1,915.0000","9,027.6227",150.0000,"2,051.0000","9,027.6227",161.0000,"2,196.0000","9,027.6227",172.0000,"2,351.0000","9,027.6227",185.0000,"2,519.0000","9,027.6227",198.0000,"2,699.0000",0.0731,0.0731
40,"8,962.8925",81.0000,"1,078.0000","8,962.8925",94.0000,"1,262.0000","8,962.8925",90.0000,"1,196.0000","8,962.8925",98.0000,"1,309.0000","8,962.8925",95.0000,"1,266.0000","8,962.8925",133.0000,"1,777.0000","8,962.8925",114.0000,"1,521.0000","8,962.8925",123.0000,"1,643.0000","8,962.8925",137.0000,"1,830.0000","8,962.8925",146.0000,"1,956.0000","8,962.8925",146.0000,"1,956.0000","8,962.8925",157.0000,"2,095.0000","8,962.8925",168.0000,"2,243.0000","8,962.8925",180.0000,"2,402.0000","8,962.8925",193.0000,"2,574.0000","8,962.8925",206.0000,"2,757.0000",0.0746,0.0746
41,"9,143.3603",89.0000,"1,130.0000","9,143.3603",104.0000,"1,323.0000","9,143.3603",98.0000,"1,254.0000","9,143.3603",108.0000,"1,373.0000","9,143.3603",104.0000,"1,327.0000","9,143.3603",146.0000,"1,863.0000","9,143.3603",125.0000,"1,594.0000","9,143.3603",135.0000,"1,722.0000","9,143.3603",151.0000,"1,919.0000","9,143.3603",161.0000,"2,051.0000","9,143.3603",161.0000,"2,051.0000","9,143.3603",172.0000,"2,196.0000","9,143.3603",185.0000,"2,352.0000","9,143.3603",198.0000,"2,518.0000","9,143.3603",212.0000,"2,698.0000","9,143.3603",227.0000,"2,890.0000",0.0785,0.0785
42,"9,027.7108",80.0000,"1,144.0000","9,027.7108",94.0000,"1,339.0000","9,027.7108",89.0000,"1,270.0000","9,027.7108",98.0000,"1,390.0000","9,027.7108",95.0000,"1,344.0000","9,027.7108",133.0000,"1,886.0000","9,027.7108",114.0000,"1,614.0000","9,027.7108",123.0000,"1,744.0000","9,027.7108",137.0000,"1,943.0000","9,027.7108",146.0000,"2,077.0000","9,027.7108",146.0000,"2,077.0000","9,027.7108",156.0000,"2,224.0000","9,027.7108",167.0000,"2,381.0000","9,027.7108",179.0000,"2,550.0000","9,027.7108",192.0000,"2,732.0000","9,027.7108",206.0000,"2,927.0000",0.0703,0.0703
43,"9,048.0545",83.0000,"1,172.0000","9,048.0545",98.0000,"1,373.0000","9,048.0545",93.0000,"1,302.0000","9,048.0545",101.0000,"1,424.0000","9,048.0545",98.0000,"1,377.0000","9,048.0545",138.0000,"1,933.0000","9,048.0545",118.0000,"1,654.0000","9,048.0545",127.0000,"1,787.0000","9,048.0545",142.0000,"1,991.0000","9,048.0545",152.0000,"2,128.0000","9,048.0545",152.0000,"2,128.0000","9,048.0545",162.0000,"2,279.0000","9,048.0545",174.0000,"2,440.0000","9,048.0545",186.0000,"2,613.0000","9,048.0545",199.0000,"2,800.0000","9,048.0545",214.0000,"2,999.0000",0.0714,0.0714
44,"8,914.8987",75.0000,"1,183.0000","8,914.8987",88.0000,"1,384.0000","8,914.8987",84.0000,"1,313.0000","8,914.8987",92.0000,"1,437.0000","8,914.8987",89.0000,"1,389.0000","8,914.8987",124.0000,"1,949.0000","8,914.8987",106.0000,"1,668.0000","8,914.8987",115.0000,"1,803.0000","8,914.8987",128.0000,"2,008.0000","8,914.8987",137.0000,"2,147.0000","8,914.8987",137.0000,"2,147.0000","8,914.8987",146.0000,"2,299.0000","8,914.8987",157.0000,"2,461.0000","8,914.8987",168.0000,"2,636.0000","8,914.8987",180.0000,"2,824.0000","8,914.8987",193.0000,"3,025.0000",0.0638,0.0638
45,"9,039.9938",92.0000,"1,228.0000","9,039.9938",108.0000,"1,437.0000","9,039.9938",103.0000,"1,363.0000","9,039.9938",112.0000,"1,491.0000","9,039.9938",109.0000,"1,442.0000","9,039.9938",152.0000,"2,024.0000","9,039.9938",130.0000,"1,732.0000","9,039.9938",141.0000,"1,872.0000","9,039.9938",157.0000,"2,085.0000","9,039.9938",168.0000,"2,229.0000","9,039.9938",168.0000,"2,229.0000","9,039.9938",180.0000,"2,386.0000","9,039.9938",192.0000,"2,555.0000","9,039.9938",206.0000,"2,736.0000","9,039.9938",221.0000,"2,932.0000","9,039.9938",236.0000,"3,141.0000",0.0754,0.0754
46,"9,029.1280",87.0000,"1,256.0000","9,029.1280",102.0000,"1,471.0000","9,029.1280",97.0000,"1,395.0000","9,029.1280",106.0000,"1,526.0000","9,029.1280",103.0000,"1,476.0000","9,029.1280",144.0000,"2,071.0000","9,029.1280",123.0000,"1,773.0000","9,029.1280",133.0000,"1,915.0000","9,029.1280",148.0000,"2,134.0000","9,029.1280",159.0000,"2,281.0000","9,029.1280",159.0000,"2,281.0000","9,029.1280",170.0000,"2,442.0000","9,029.1280",182.0000,"2,615.0000","9,029.1280",195.0000,"2,800.0000","9,029.1280",209.0000,"3,000.0000","9,029.1280",223.0000,"3,214.0000",0.0697,0.0697
47,"9,116.1851",97.0000,"1,296.0000","9,116.1851",114.0000,"1,517.0000","9,116.1851",108.0000,"1,439.0000","9,116.1851",118.0000,"1,575.0000","9,116.1851",115.0000,"1,523.0000","9,116.1851",161.0000,"2,137.0000","9,116.1851",138.0000,"1,829.0000","9,116.1851",149.0000,"1,976.0000","9,116.1851",166.0000,"2,201.0000","9,116.1851",177.0000,"2,353.0000","9,116.1851",177.0000,"2,353.0000","9,116.1851",189.0000,"2,520.0000","9,116.1851",203.0000,"2,698.0000","9,116.1851",217.0000,"2,889.0000","9,116.1851",233.0000,"3,095.0000","9,116.1851",249.0000,"3,316.0000",0.0752,0.0752
48,"8,891.8544",90.0000,"1,294.0000","8,891.8544",106.0000,"1,515.0000","8,891.8544",100.0000,"1,436.0000","8,891.8544",110.0000,"1,572.0000","8,891.8544",106.0000,"1,520.0000","8,891.8544",149.0000,"2,133.0000","8,891.8544",127.0000,"1,825.0000","8,891.8544",137.0000,"1,972.0000","8,891.8544",153.0000,"2,197.0000","8,891.8544",164.0000,"2,349.0000","8,891.8544",164.0000,"2,349.0000","8,891.8544",175.0000,"2,515.0000","8,891.8544",188.0000,"2,693.0000","8,891.8544",201.0000,"2,884.0000","8,891.8544",215.0000,"3,090.0000","8,891.8544",231.0000,"3,310.0000",0.0698,0.0698
49,"9,004.2573",102.0000,"1,335.0000","9,004.2573",120.0000,"1,563.0000","9,004.2573",114.0000,"1,482.0000","9,004.2573",124.0000,"1,622.0000","9,004.2573",120.0000,"1,569.0000","9,004.2573",169.0000,"2,201.0000","9,004.2573",144.0000,"1,884.0000","9,004.2573",156.0000,"2,035.0000","9,004.2573",174.0000,"2,267.0000","9,004.2573",186.0000,"2,424.0000","9,004.2573",186.0000,"2,424.0000","9,004.2573",199.0000,"2,595.0000","9,004.2573",213.0000,"2,779.0000","9,004.2573",228.0000,"2,976.0000","9,004.2573",244.0000,"3,188.0000","9,004.2573",262.0000,"3,416.0000",0.0767,0.0767
50,"9,154.1394",104.0000,"1,382.0000","9,154.1394",122.0000,"1,618.0000","9,154.1394",115.0000,"1,534.0000","9,154.1394",126.0000,"1,679.0000","9,154.1394",122.0000,"1,624.0000","9,154.1394",171.0000,"2,278.0000","9,154.1394",147.0000,"1,950.0000","9,154.1394",158.0000,"2,107.0000","9,154.1394",177.0000,"2,347.0000","9,154.1394",189.0000,"2,509.0000","9,154.1394",189.0000,"2,509.0000","9,154.1394",202.0000,"2,687.0000","9,154.1394",216.0000,"2,877.0000","9,154.1394",232.0000,"3,080.0000","9,154.1394",248.0000,"3,300.0000","9,154.1394",266.0000,"3,536.0000",0.0753,0.0753
51,"9,089.1004",111.0000,"1,401.0000","9,089.1004",130.0000,"1,640.0000","9,089.1004",124.0000,"1,555.0000","9,089.1004",135.0000,"1,702.0000","9,089.1004",131.0000,"1,646.0000","9,089.1004",183.0000,"2,309.0000","9,089.1004",157.0000,"1,977.0000","9,089.1004",170.0000,"2,136.0000","9,089.1004",189.0000,"2,379.0000","9,089.1004",202.0000,"2,543.0000","9,089.1004",202.0000,"2,543.0000","9,089.1004",216.0000,"2,723.0000","9,089.1004",232.0000,"2,916.0000","9,089.1004",248.0000,"3,122.0000","9,089.1004",266.0000,"3,345.0000","9,089.1004",285.0000,"3,584.0000",0.0794,0.0794
52,"9,104.1815",111.0000,"1,440.0000","9,104.1815",130.0000,"1,685.0000","9,104.1815",124.0000,"1,598.0000","9,104.1815",135.0000,"1,749.0000","9,104.1815",131.0000,"1,691.0000","9,104.1815",184.0000,"2,373.0000","9,104.1815",157.0000,"2,031.0000","9,104.1815",170.0000,"2,195.0000","9,104.1815",189.0000,"2,445.0000","9,104.1815",202.0000,"2,614.0000","9,104.1815",202.0000,"2,614.0000","9,104.1815",216.0000,"2,799.0000","9,104.1815",232.0000,"2,997.0000","9,104.1815",248.0000,"3,209.0000","9,104.1815",266.0000,"3,438.0000","9,104.1815",285.0000,"3,683.0000",0.0773,0.0773
53,"8,819.1968",102.0000,"1,436.0000","8,819.1968",119.0000,"1,682.0000","8,819.1968",113.0000,"1,595.0000","8,819.1968",124.0000,"1,745.0000","8,819.1968",120.0000,"1,688.0000","8,819.1968",168.0000,"2,368.0000","8,819.1968",144.0000,"2,027.0000","8,819.1968",155.0000,"2,190.0000","8,819.1968",173.0000,"2,439.0000","8,819.1968",185.0000,"2,608.0000","8,819.1968",185.0000,"2,608.0000","8,819.1968",198.0000,"2,792.0000","8,819.1968",212.0000,"2,990.0000","8,819.1968",227.0000,"3,202.0000","8,819.1968",243.0000,"3,430.0000","8,819.1968",261.0000,"3,675.0000",0.0709,0.0709
54,"9,061.5298",98.0000,"1,513.0000","9,061.5298",115.0000,"1,771.0000","9,061.5298",109.0000,"1,679.0000","9,061.5298",119.0000,"1,837.0000","9,061.5298",115.0000,"1,777.0000","9,061.5298",162.0000,"2,493.0000","9,061.5298",139.0000,"2,134.0000","9,061.5298",150.0000,"2,306.0000","9,061.5298",167.0000,"2,568.0000","9,061.5298",178.0000,"2,746.0000","9,061.5298",178.0000,"2,746.0000","9,061.5298",191.0000,"2,940.0000","9,061.5298",204.0000,"3,148.0000","9,061.5298",219.0000,"3,371.0000","9,061.5298",235.0000,"3,612.0000","9,061.5298",251.0000,"3,870.0000",0.0648,0.0648
55,"8,936.5575",107.0000,"1,528.0000","8,936.5575",125.0000,"1,789.0000","8,936.5575",119.0000,"1,697.0000","8,936.5575",130.0000,"1,857.0000","8,936.5575",126.0000,"1,796.0000","8,936.5575",177.0000,"2,520.0000","8,936.5575",151.0000,"2,156.0000","8,936.5575",163.0000,"2,330.0000","8,936.5575",182.0000,"2,595.0000","8,936.5575",194.0000,"2,774.0000","8,936.5575",194.0000,"2,774.0000","8,936.5575",208.0000,"2,971.0000","8,936.5575",223.0000,"3,181.0000","8,936.5575",239.0000,"3,406.0000","8,936.5575",256.0000,"3,650.0000","8,936.5575",274.0000,"3,910.0000",0.0699,0.0699
56,"8,216.0393",104.0000,"1,430.0000","8,216.0393",122.0000,"1,674.0000","8,216.0393",115.0000,"1,587.0000","8,216.0393",126.0000,"1,737.0000","8,216.0393",122.0000,"1,680.0000","8,216.0393",171.0000,"2,357.0000","8,216.0393",147.0000,"2,017.0000","8,216.0393",158.0000,"2,179.0000","8,216.0393",176.0000,"2,428.0000","8,216.0393",188.0000,"2,595.0000","8,216.0393",188.0000,"2,595.0000","8,216.0393",202.0000,"2,779.0000","8,216.0393",216.0000,"2,976.0000","8,216.0393",231.0000,"3,186.0000","8,216.0393",248.0000,"3,414.0000","8,216.0393",266.0000,"3,658.0000",0.0724,0.0724
57,"9,471.5125",131.0000,"1,685.0000","9,471.5125",153.0000,"1,973.0000","9,471.5125",145.0000,"1,871.0000","9,471.5125",159.0000,"2,047.0000","9,471.5125",154.0000,"1,980.0000","9,471.5125",216.0000,"2,778.0000","9,471.5125",185.0000,"2,378.0000","9,471.5125",200.0000,"2,569.0000","9,471.5125",222.0000,"2,862.0000","9,471.5125",238.0000,"3,060.0000","9,471.5125",238.0000,"3,060.0000","9,471.5125",255.0000,"3,276.0000","9,471.5125",273.0000,"3,508.0000","9,471.5125",292.0000,"3,756.0000","9,471.5125",313.0000,"4,025.0000","9,471.5125",335.0000,"4,312.0000",0.0778,0.0778
58,"9,561.4948",139.0000,"1,735.0000","9,561.4948",162.0000,"2,031.0000","9,561.4948",154.0000,"1,926.0000","9,561.4948",168.0000,"2,108.0000","9,561.4948",163.0000,"2,039.0000","9,561.4948",228.0000,"2,861.0000","9,561.4948",196.0000,"2,448.0000","9,561.4948",211.0000,"2,645.0000","9,561.4948",235.0000,"2,947.0000","9,561.4948",252.0000,"3,150.0000","9,561.4948",252.0000,"3,150.0000","9,561.4948",269.0000,"3,373.0000","9,561.4948",288.0000,"3,612.0000","9,561.4948",309.0000,"3,868.0000","9,561.4948",331.0000,"4,144.0000","9,561.4948",355.0000,"4,439.0000",0.0800,0.0800
59,"9,178.0721",122.0000,"1,705.0000","9,178.0721",143.0000,"1,996.0000","9,178.0721",135.0000,"1,893.0000","9,178.0721",148.0000,"2,072.0000","9,178.0721",143.0000,"2,003.0000","9,178.0721",201.0000,"2,811.0000","9,178.0721",172.0000,"2,406.0000","9,178.0721",186.0000,"2,600.0000","9,178.0721",207.0000,"2,896.0000","9,178.0721",221.0000,"3,096.0000","9,178.0721",221.0000,"3,096.0000","9,178.0721",237.0000,"3,315.0000","9,178.0721",254.0000,"3,549.0000","9,178.0721",272.0000,"3,801.0000","9,178.0721",291.0000,"4,072.0000","9,178.0721",312.0000,"4,363.0000",0.0714,0.0714
60,"8,940.7357",124.0000,"1,701.0000","8,940.7357",145.0000,"1,992.0000","8,940.7357",138.0000,"1,889.0000","8,940.7357",151.0000,"2,067.0000","8,940.7357",146.0000,"1,999.0000","8,940.7357",204.0000,"2,805.0000","8,940.7357",175.0000,"2,400.0000","8,940.7357",189.0000,"2,593.0000","8,940.7357",211.0000,"2,889.0000","8,940.7357",225.0000,"3,088.0000","8,940.7357",225.0000,"3,088.0000","8,940.7357",241.0000,"3,307.0000","8,940.7357",258.0000,"3,541.0000","8,940.7357",276.0000,"3,792.0000","8,940.7357",296.0000,"4,062.0000","8,940.7357",317.0000,"4,352.0000",0.0729,0.0729
61,"9,134.7657",120.0000,"1,776.0000","9,134.7657",140.0000,"2,080.0000","9,134.7657",133.0000,"1,972.0000","9,134.7657",145.0000,"2,158.0000","9,134.7657",140.0000,"2,087.0000","9,134.7657",197.0000,"2,928.0000","9,134.7657",169.0000,"2,506.0000","9,134.7657",182.0000,"2,708.0000","9,134.7657",203.0000,"3,016.0000","9,134.7657",217.0000,"3,225.0000","9,134.7657",217.0000,"3,225.0000","9,134.7657",232.0000,"3,453.0000","9,134.7657",249.0000,"3,697.0000","9,134.7657",266.0000,"3,959.0000","9,134.7657",286.0000,"4,242.0000","9,134.7657",306.0000,"4,545.0000",0.0673,0.0673
62,"9,039.7566",121.0000,"1,791.0000","9,039.7566",141.0000,"2,097.0000","9,039.7566",134.0000,"1,989.0000","9,039.7566",147.0000,"2,176.0000","9,039.7566",142.0000,"2,105.0000","9,039.7566",199.0000,"2,953.0000","9,039.7566",170.0000,"2,528.0000","9,039.7566",184.0000,"2,731.0000","9,039.7566",205.0000,"3,042.0000","9,039.7566",219.0000,"3,252.0000","9,039.7566",219.0000,"3,252.0000","9,039.7566",235.0000,"3,482.0000","9,039.7566",251.0000,"3,729.0000","9,039.7566",269.0000,"3,993.0000","9,039.7566",288.0000,"4,278.0000","9,039.7566",309.0000,"4,583.0000",0.0673,0.0673
63,"8,928.0298",144.0000,"1,800.0000","8,928.0298",168.0000,"2,108.0000","8,928.0298",160.0000,"1,999.0000","8,928.0298",175.0000,"2,187.0000","8,928.0298",169.0000,"2,115.0000","8,928.0298",237.0000,"2,968.0000","8,928.0298",203.0000,"2,540.0000","8,928.0298",219.0000,"2,745.0000","8,928.0298",244.0000,"3,057.0000","8,928.0298",261.0000,"3,268.0000","8,928.0298",261.0000,"3,268.0000","8,928.0298",280.0000,"3,500.0000","8,928.0298",299.0000,"3,747.0000","8,928.0298",320.0000,"4,013.0000","8,928.0298",343.0000,"4,299.0000","8,928.0298",368.0000,"4,606.0000",0.0799,0.0799
64,"9,039.5452",147.0000,"1,869.0000","9,039.5452",172.0000,"2,188.0000","9,039.5452",163.0000,"2,075.0000","9,039.5452",178.0000,"2,271.0000","9,039.5452",172.0000,"2,196.0000","9,039.5452",242.0000,"3,082.0000","9,039.5452",207.0000,"2,638.0000","9,039.5452",224.0000,"2,850.0000","9,039.5452",249.0000,"3,174.0000","9,039.5452",266.0000,"3,394.0000","9,039.5452",266.0000,"3,394.0000","9,039.5452",285.0000,"3,634.0000","9,039.5452",306.0000,"3,891.0000","9,039.5452",327.0000,"4,167.0000","9,039.5452",351.0000,"4,464.0000","9,039.5452",376.0000,"4,783.0000",0.0784,0.0784
65,"9,057.4241",132.0000,"1,917.0000","9,057.4241",154.0000,"2,244.0000","9,057.4241",146.0000,"2,128.0000","9,057.4241",160.0000,"2,328.0000","9,057.4241",155.0000,"2,252.0000","9,057.4241",217.0000,"3,159.0000","9,057.4241",186.0000,"2,704.0000","9,057.4241",201.0000,"2,922.0000","9,057.4241",224.0000,"3,254.0000","9,057.4241",239.0000,"3,479.0000","9,057.4241",239.0000,"3,479.0000","9,057.4241",256.0000,"3,725.0000","9,057.4241",274.0000,"3,989.0000","9,057.4241",293.0000,"4,272.0000","9,057.4241",314.0000,"4,576.0000","9,057.4241",337.0000,"4,903.0000",0.0687,0.0687
66,"9,112.8844",175.0000,"1,969.0000","9,112.8844",205.0000,"2,305.0000","9,112.8844",194.0000,"2,186.0000","9,112.8844",213.0000,"2,392.0000","9,112.8844",206.0000,"2,313.0000","9,112.8844",289.0000,"3,246.0000","9,112.8844",247.0000,"2,778.0000","9,112.8844",267.0000,"3,001.0000","9,112.8844",297.0000,"3,343.0000","9,112.8844",318.0000,"3,574.0000","9,112.8844",318.0000,"3,574.0000","9,112.8844",340.0000,"3,827.0000","9,112.8844",364.0000,"4,098.0000","9,112.8844",390.0000,"4,388.0000","9,112.8844",418.0000,"4,701.0000","9,112.8844",448.0000,"5,037.0000",0.0890,0.0890
67,"9,019.4907",138.0000,"1,983.0000","9,019.4907",162.0000,"2,321.0000","9,019.4907",154.0000,"2,201.0000","9,019.4907",168.0000,"2,409.0000","9,019.4907",163.0000,"2,329.0000","9,019.4907",228.0000,"3,268.0000","9,019.4907",195.0000,"2,797.0000","9,019.4907",211.0000,"3,022.0000","9,019.4907",235.0000,"3,367.0000","9,019.4907",251.0000,"3,599.0000","9,019.4907",251.0000,"3,599.0000","9,019.4907",269.0000,"3,854.0000","9,019.4907",288.0000,"4,127.0000","9,019.4907",309.0000,"4,419.0000","9,019.4907",331.0000,"4,734.0000","9,019.4907",354.0000,"5,072.0000",0.0697,0.0697
68,"8,765.7585",143.0000,"1,976.0000","8,765.7585",168.0000,"2,313.0000","8,765.7585",159.0000,"2,193.0000","8,765.7585",174.0000,"2,400.0000","8,765.7585",169.0000,"2,321.0000","8,765.7585",236.0000,"3,257.0000","8,765.7585",202.0000,"2,788.0000","8,765.7585",219.0000,"3,012.0000","8,765.7585",244.0000,"3,355.0000","8,765.7585",260.0000,"3,587.0000","8,765.7585",260.0000,"3,587.0000","8,765.7585",279.0000,"3,840.0000","8,765.7585",299.0000,"4,112.0000","8,765.7585",320.0000,"4,403.0000","8,765.7585",343.0000,"4,718.0000","8,765.7585",367.0000,"5,055.0000",0.0725,0.0725
69,"8,717.7609",145.0000,"2,014.0000","8,717.7609",170.0000,"2,358.0000","8,717.7609",161.0000,"2,236.0000","8,717.7609",177.0000,"2,447.0000","8,717.7609",171.0000,"2,366.0000","8,717.7609",240.0000,"3,320.0000","8,717.7609",205.0000,"2,842.0000","8,717.7609",222.0000,"3,070.0000","8,717.7609",247.0000,"3,420.0000","8,717.7609",264.0000,"3,656.0000","8,717.7609",264.0000,"3,656.0000","8,717.7609",283.0000,"3,915.0000","8,717.7609",303.0000,"4,192.0000","8,717.7609",324.0000,"4,489.0000","8,717.7609",347.0000,"4,809.0000","8,717.7609",372.0000,"5,153.0000",0.0722,0.0722
70,"9,475.9151",166.0000,"2,237.0000","9,475.9151",194.0000,"2,619.0000","9,475.9151",184.0000,"2,484.0000","9,475.9151",201.0000,"2,718.0000","9,475.9151",195.0000,"2,629.0000","9,475.9151",273.0000,"3,688.0000","9,475.9151",234.0000,"3,157.0000","9,475.9151",253.0000,"3,411.0000","9,475.9151",281.0000,"3,799.0000","9,475.9151",301.0000,"4,062.0000","9,475.9151",301.0000,"4,062.0000","9,475.9151",322.0000,"4,349.0000","9,475.9151",345.0000,"4,657.0000","9,475.9151",369.0000,"4,987.0000","9,475.9151",396.0000,"5,343.0000","9,475.9151",424.0000,"5,724.0000",0.0741,0.0741
71,"9,115.6782",174.0000,"2,215.0000","9,115.6782",203.0000,"2,593.0000","9,115.6782",193.0000,"2,459.0000","9,115.6782",211.0000,"2,690.0000","9,115.6782",204.0000,"2,602.0000","9,115.6782",286.0000,"3,651.0000","9,115.6782",245.0000,"3,125.0000","9,115.6782",265.0000,"3,376.0000","9,115.6782",295.0000,"3,761.0000","9,115.6782",315.0000,"4,021.0000","9,115.6782",315.0000,"4,021.0000","9,115.6782",338.0000,"4,305.0000","9,115.6782",362.0000,"4,610.0000","9,115.6782",387.0000,"4,936.0000","9,115.6782",415.0000,"5,289.0000","9,115.6782",445.0000,"5,666.0000",0.0783,0.0783
72,"8,803.0572",160.0000,"2,196.0000","8,803.0572",187.0000,"2,571.0000","8,803.0572",178.0000,"2,438.0000","8,803.0572",194.0000,"2,668.0000","8,803.0572",188.0000,"2,580.0000","8,803.0572",264.0000,"3,621.0000","8,803.0572",226.0000,"3,099.0000","8,803.0572",244.0000,"3,348.0000","8,803.0572",272.0000,"3,730.0000","8,803.0572",290.0000,"3,987.0000","8,803.0572",290.0000,"3,987.0000","8,803.0572",311.0000,"4,269.0000","8,803.0572",333.0000,"4,571.0000","8,803.0572",356.0000,"4,895.0000","8,803.0572",382.0000,"5,244.0000","8,803.0572",409.0000,"5,619.0000",0.0727,0.0727
73,"9,360.5853",191.0000,"2,394.0000","9,360.5853",223.0000,"2,802.0000","9,360.5853",212.0000,"2,657.0000","9,360.5853",232.0000,"2,908.0000","9,360.5853",224.0000,"2,812.0000","9,360.5853",315.0000,"3,946.0000","9,360.5853",269.0000,"3,377.0000","9,360.5853",291.0000,"3,649.0000","9,360.5853",324.0000,"4,065.0000","9,360.5853",347.0000,"4,345.0000","9,360.5853",347.0000,"4,345.0000","9,360.5853",371.0000,"4,653.0000","9,360.5853",397.0000,"4,982.0000","9,360.5853",425.0000,"5,335.0000","9,360.5853",456.0000,"5,716.0000","9,360.5853",488.0000,"6,124.0000",0.0799,0.0799
74,"8,881.9740",166.0000,"2,318.0000","8,881.9740",195.0000,"2,714.0000","8,881.9740",185.0000,"2,574.0000","8,881.9740",202.0000,"2,816.0000","8,881.9740",195.0000,"2,724.0000","8,881.9740",274.0000,"3,822.0000","8,881.9740",235.0000,"3,271.0000","8,881.9740",253.0000,"3,534.0000","8,881.9740",282.0000,"3,937.0000","8,881.9740",302.0000,"4,209.0000","8,881.9740",302.0000,"4,209.0000","8,881.9740",323.0000,"4,506.0000","8,881.9740",346.0000,"4,826.0000","8,881.9740",371.0000,"5,167.0000","8,881.9740",397.0000,"5,536.0000","8,881.9740",425.0000,"5,931.0000",0.0718,0.0718
75,"8,724.9477",199.0000,"2,338.0000","8,724.9477",232.0000,"2,737.0000","8,724.9477",220.0000,"2,595.0000","8,724.9477",241.0000,"2,840.0000","8,724.9477",233.0000,"2,747.0000","8,724.9477",327.0000,"3,854.0000","8,724.9477",280.0000,"3,298.0000","8,724.9477",303.0000,"3,564.0000","8,724.9477",337.0000,"3,970.0000","8,724.9477",360.0000,"4,244.0000","8,724.9477",360.0000,"4,244.0000","8,724.9477",386.0000,"4,544.0000","8,724.9477",413.0000,"4,866.0000","8,724.9477",443.0000,"5,210.0000","8,724.9477",474.0000,"5,582.0000","8,724.9477",508.0000,"5,981.0000",0.0848,0.0848
76,"9,486.9589",209.0000,"2,611.0000","9,486.9589",245.0000,"3,056.0000","9,486.9589",232.0000,"2,898.0000","9,486.9589",254.0000,"3,171.0000","9,486.9589",246.0000,"3,067.0000","9,486.9589",345.0000,"4,303.0000","9,486.9589",295.0000,"3,683.0000","9,486.9589",319.0000,"3,979.0000","9,486.9589",355.0000,"4,433.0000","9,486.9589",380.0000,"4,739.0000","9,486.9589",380.0000,"4,739.0000","9,486.9589",407.0000,"5,074.0000","9,486.9589",436.0000,"5,434.0000","9,486.9589",466.0000,"5,818.0000","9,486.9589",500.0000,"6,233.0000","9,486.9589",535.0000,"6,678.0000",0.0802,0.0802
77,"8,880.3182",194.0000,"2,519.0000","8,880.3182",227.0000,"2,948.0000","8,880.3182",216.0000,"2,796.0000","8,880.3182",236.0000,"3,060.0000","8,880.3182",228.0000,"2,959.0000","8,880.3182",320.0000,"4,152.0000","8,880.3182",274.0000,"3,553.0000","8,880.3182",296.0000,"3,839.0000","8,880.3182",330.0000,"4,277.0000","8,880.3182",353.0000,"4,572.0000","8,880.3182",353.0000,"4,572.0000","8,880.3182",378.0000,"4,896.0000","8,880.3182",404.0000,"5,242.0000","8,880.3182",433.0000,"5,613.0000","8,880.3182",464.0000,"6,014.0000","8,880.3182",497.0000,"6,443.0000",0.0772,0.0772
78,"8,627.8655",214.0000,"2,513.0000","8,627.8655",251.0000,"2,942.0000","8,627.8655",238.0000,"2,790.0000","8,627.8655",260.0000,"3,053.0000","8,627.8655",252.0000,"2,952.0000","8,627.8655",353.0000,"4,142.0000","8,627.8655",303.0000,"3,545.0000","8,627.8655",327.0000,"3,831.0000","8,627.8655",364.0000,"4,267.0000","8,627.8655",389.0000,"4,562.0000","8,627.8655",389.0000,"4,562.0000","8,627.8655",417.0000,"4,885.0000","8,627.8655",446.0000,"5,230.0000","8,627.8655",478.0000,"5,601.0000","8,627.8655",512.0000,"6,000.0000","8,627.8655",549.0000,"6,429.0000",0.0853,0.0853
79,"9,610.2562",205.0000,"2,872.0000","9,610.2562",240.0000,"3,362.0000","9,610.2562",227.0000,"3,188.0000","9,610.2562",249.0000,"3,489.0000","9,610.2562",241.0000,"3,374.0000","9,610.2562",338.0000,"4,735.0000","9,610.2562",289.0000,"4,052.0000","9,610.2562",312.0000,"4,378.0000","9,610.2562",348.0000,"4,877.0000","9,610.2562",372.0000,"5,214.0000","9,610.2562",372.0000,"5,214.0000","9,610.2562",398.0000,"5,583.0000","9,610.2562",427.0000,"5,978.0000","9,610.2562",457.0000,"6,401.0000","9,610.2562",489.0000,"6,858.0000","9,610.2562",524.0000,"7,348.0000",0.0713,0.0713
80,"8,967.5001",221.0000,"2,755.0000","8,967.5001",259.0000,"3,226.0000","8,967.5001",246.0000,"3,059.0000","8,967.5001",269.0000,"3,347.0000","8,967.5001",260.0000,"3,237.0000","8,967.5001",365.0000,"4,542.0000","8,967.5001",312.0000,"3,888.0000","8,967.5001",338.0000,"4,200.0000","8,967.5001",376.0000,"4,679.0000","8,967.5001",402.0000,"5,002.0000","8,967.5001",402.0000,"5,002.0000","8,967.5001",430.0000,"5,356.0000","8,967.5001",461.0000,"5,735.0000","8,967.5001",493.0000,"6,141.0000","8,967.5001",529.0000,"6,579.0000","8,967.5001",566.0000,"7,049.0000",0.0804,0.0804
81,"8,798.1397",249.0000,"2,802.0000","8,798.1397",292.0000,"3,280.0000","8,798.1397",277.0000,"3,110.0000","8,798.1397",303.0000,"3,403.0000","8,798.1397",293.0000,"3,291.0000","8,798.1397",411.0000,"4,618.0000","8,798.1397",352.0000,"3,953.0000","8,798.1397",380.0000,"4,271.0000","8,798.1397",423.0000,"4,757.0000","8,798.1397",452.0000,"5,086.0000","8,798.1397",452.0000,"5,086.0000","8,798.1397",484.0000,"5,446.0000","8,798.1397",519.0000,"5,831.0000","8,798.1397",555.0000,"6,244.0000","8,798.1397",595.0000,"6,690.0000","8,798.1397",637.0000,"7,167.0000",0.0889,0.0889
82,"9,327.5449",248.0000,"3,056.0000","9,327.5449",290.0000,"3,578.0000","9,327.5449",275.0000,"3,393.0000","9,327.5449",301.0000,"3,713.0000","9,327.5449",291.0000,"3,591.0000","9,327.5449",408.0000,"5,039.0000","9,327.5449",349.0000,"4,312.0000","9,327.5449",378.0000,"4,659.0000","9,327.5449",421.0000,"5,190.0000","9,327.5449",450.0000,"5,548.0000","9,327.5449",450.0000,"5,548.0000","9,327.5449",481.0000,"5,941.0000","9,327.5449",516.0000,"6,362.0000","9,327.5449",552.0000,"6,812.0000","9,327.5449",591.0000,"7,298.0000","9,327.5449",634.0000,"7,819.0000",0.0811,0.0811
83,"8,953.5156",243.0000,"3,045.0000","8,953.5156",284.0000,"3,564.0000","8,953.5156",270.0000,"3,380.0000","8,953.5156",295.0000,"3,699.0000","8,953.5156",285.0000,"3,577.0000","8,953.5156",400.0000,"5,019.0000","8,953.5156",343.0000,"4,296.0000","8,953.5156",370.0000,"4,641.0000","8,953.5156",412.0000,"5,170.0000","8,953.5156",441.0000,"5,527.0000","8,953.5156",441.0000,"5,527.0000","8,953.5156",472.0000,"5,918.0000","8,953.5156",505.0000,"6,337.0000","8,953.5156",541.0000,"6,786.0000","8,953.5156",580.0000,"7,270.0000","8,953.5156",621.0000,"7,789.0000",0.0798,0.0798
84,"9,132.9099",267.0000,"3,225.0000","9,132.9099",313.0000,"3,775.0000","9,132.9099",297.0000,"3,580.0000","9,132.9099",325.0000,"3,917.0000","9,132.9099",314.0000,"3,789.0000","9,132.9099",441.0000,"5,316.0000","9,132.9099",377.0000,"4,550.0000","9,132.9099",408.0000,"4,916.0000","9,132.9099",454.0000,"5,476.0000","9,132.9099",485.0000,"5,854.0000","9,132.9099",485.0000,"5,854.0000","9,132.9099",520.0000,"6,268.0000","9,132.9099",557.0000,"6,712.0000","9,132.9099",596.0000,"7,187.0000","9,132.9099",639.0000,"7,700.0000","9,132.9099",684.0000,"8,250.0000",0.0828,0.0828
85,"9,029.4398",245.0000,"3,274.0000","9,029.4398",287.0000,"3,833.0000","9,029.4398",272.0000,"3,635.0000","9,029.4398",298.0000,"3,977.0000","9,029.4398",288.0000,"3,846.0000","9,029.4398",404.0000,"5,397.0000","9,029.4398",346.0000,"4,619.0000","9,029.4398",374.0000,"4,991.0000","9,029.4398",416.0000,"5,560.0000","9,029.4398",445.0000,"5,943.0000","9,029.4398",445.0000,"5,943.0000","9,029.4398",476.0000,"6,364.0000","9,029.4398",510.0000,"6,815.0000","9,029.4398",546.0000,"7,297.0000","9,029.4398",585.0000,"7,818.0000","9,029.4398",627.0000,"8,376.0000",0.0749,0.0749
86,"9,007.1816",280.0000,"3,416.0000","9,007.1816",327.0000,"3,999.0000","9,007.1816",310.0000,"3,792.0000","9,007.1816",340.0000,"4,150.0000","9,007.1816",329.0000,"4,013.0000","9,007.1816",461.0000,"5,631.0000","9,007.1816",395.0000,"4,820.0000","9,007.1816",426.0000,"5,207.0000","9,007.1816",475.0000,"5,801.0000","9,007.1816",508.0000,"6,201.0000","9,007.1816",508.0000,"6,201.0000","9,007.1816",544.0000,"6,640.0000","9,007.1816",582.0000,"7,110.0000","9,007.1816",623.0000,"7,613.0000","9,007.1816",668.0000,"8,157.0000","9,007.1816",715.0000,"8,739.0000",0.0819,0.0819
87,"8,846.1741",303.0000,"3,486.0000","8,846.1741",355.0000,"4,080.0000","8,846.1741",337.0000,"3,869.0000","8,846.1741",369.0000,"4,234.0000","8,846.1741",357.0000,"4,095.0000","8,846.1741",500.0000,"5,746.0000","8,846.1741",428.0000,"4,918.0000","8,846.1741",463.0000,"5,313.0000","8,846.1741",515.0000,"5,919.0000","8,846.1741",551.0000,"6,327.0000","8,846.1741",551.0000,"6,327.0000","8,846.1741",590.0000,"6,775.0000","8,846.1741",632.0000,"7,255.0000","8,846.1741",676.0000,"7,768.0000","8,846.1741",725.0000,"8,323.0000","8,846.1741",776.0000,"8,917.0000",0.0871,0.0871
88,"9,213.9778",326.0000,"3,806.0000","9,213.9778",382.0000,"4,456.0000","9,213.9778",362.0000,"4,225.0000","9,213.9778",396.0000,"4,624.0000","9,213.9778",383.0000,"4,472.0000","9,213.9778",538.0000,"6,275.0000","9,213.9778",460.0000,"5,370.0000","9,213.9778",497.0000,"5,802.0000","9,213.9778",554.0000,"6,463.0000","9,213.9778",592.0000,"6,909.0000","9,213.9778",592.0000,"6,909.0000","9,213.9778",634.0000,"7,399.0000","9,213.9778",679.0000,"7,922.0000","9,213.9778",727.0000,"8,483.0000","9,213.9778",779.0000,"9,089.0000","9,213.9778",834.0000,"9,737.0000",0.0857,0.0857
89,"9,057.6521",349.0000,"3,947.0000","9,057.6521",408.0000,"4,620.0000","9,057.6521",387.0000,"4,381.0000","9,057.6521",423.0000,"4,794.0000","9,057.6521",410.0000,"4,637.0000","9,057.6521",575.0000,"6,506.0000","9,057.6521",492.0000,"5,568.0000","9,057.6521",531.0000,"6,016.0000","9,057.6521",592.0000,"6,702.0000","9,057.6521",633.0000,"7,164.0000","9,057.6521",633.0000,"7,164.0000","9,057.6521",678.0000,"7,672.0000","9,057.6521",726.0000,"8,215.0000","9,057.6521",777.0000,"8,796.0000","9,057.6521",832.0000,"9,424.0000","9,057.6521",892.0000,"10,097.0000",0.0884,0.0884
90,"9,009.6754",373.0000,"4,094.0000","9,009.6754",437.0000,"4,793.0000","9,009.6754",415.0000,"4,545.0000","9,009.6754",454.0000,"4,973.0000","9,009.6754",439.0000,"4,810.0000","9,009.6754",616.0000,"6,749.0000","9,009.6754",527.0000,"5,776.0000","9,009.6754",569.0000,"6,241.0000","9,009.6754",634.0000,"6,952.0000","9,009.6754",678.0000,"7,432.0000","9,009.6754",678.0000,"7,432.0000","9,009.6754",726.0000,"7,958.0000","9,009.6754",777.0000,"8,521.0000","9,009.6754",832.0000,"9,125.0000","9,009.6754",892.0000,"9,776.0000","9,009.6754",955.0000,"10,474.0000",0.0912,0.0912
91,"9,057.9233",368.0000,"4,375.0000","9,057.9233",431.0000,"5,122.0000","9,057.9233",408.0000,"4,857.0000","9,057.9233",447.0000,"5,315.0000","9,057.9233",432.0000,"5,140.0000","9,057.9233",606.0000,"7,213.0000","9,057.9233",519.0000,"6,173.0000","9,057.9233",561.0000,"6,670.0000","9,057.9233",625.0000,"7,430.0000","9,057.9233",668.0000,"7,942.0000","9,057.9233",668.0000,"7,942.0000","9,057.9233",715.0000,"8,505.0000","9,057.9233",766.0000,"9,107.0000","9,057.9233",820.0000,"9,751.0000","9,057.9233",878.0000,"10,448.0000","9,057.9233",941.0000,"11,193.0000",0.0841,0.0841
92,"8,944.2714",386.0000,"4,524.0000","8,944.2714",452.0000,"5,296.0000","8,944.2714",429.0000,"5,022.0000","8,944.2714",469.0000,"5,495.0000","8,944.2714",454.0000,"5,315.0000","8,944.2714",637.0000,"7,458.0000","8,944.2714",545.0000,"6,383.0000","8,944.2714",589.0000,"6,896.0000","8,944.2714",656.0000,"7,682.0000","8,944.2714",702.0000,"8,212.0000","8,944.2714",702.0000,"8,212.0000","8,944.2714",751.0000,"8,794.0000","8,944.2714",804.0000,"9,416.0000","8,944.2714",861.0000,"10,083.0000","8,944.2714",923.0000,"10,802.0000","8,944.2714",989.0000,"11,573.0000",0.0855,0.0855
93,"9,175.6000",468.0000,"4,971.0000","9,175.6000",548.0000,"5,820.0000","9,175.6000",519.0000,"5,519.0000","9,175.6000",568.0000,"6,039.0000","9,175.6000",550.0000,"5,841.0000","9,175.6000",771.0000,"8,195.0000","9,175.6000",660.0000,"7,014.0000","9,175.6000",713.0000,"7,578.0000","9,175.6000",795.0000,"8,442.0000","9,175.6000",849.0000,"9,025.0000","9,175.6000",849.0000,"9,025.0000","9,175.6000",909.0000,"9,664.0000","9,175.6000",974.0000,"10,348.0000","9,175.6000","1,043.0000","11,080.0000","9,175.6000","1,117.0000","11,871.0000","9,175.6000","1,197.0000","12,718.0000",0.0941,0.0941
94,"8,852.8376",538.0000,"5,271.0000","8,852.8376",630.0000,"6,170.0000","8,852.8376",597.0000,"5,851.0000","8,852.8376",653.0000,"6,403.0000","8,852.8376",632.0000,"6,192.0000","8,852.8376",887.0000,"8,689.0000","8,852.8376",759.0000,"7,436.0000","8,852.8376",820.0000,"8,035.0000","8,852.8376",913.0000,"8,950.0000","8,852.8376",976.0000,"9,568.0000","8,852.8376",976.0000,"9,568.0000","8,852.8376","1,045.0000","10,245.0000","8,852.8376","1,119.0000","10,971.0000","8,852.8376","1,199.0000","11,747.0000","8,852.8376","1,284.0000","12,586.0000","8,852.8376","1,376.0000","13,484.0000",0.1020,0.1020
95,"8,572.6698",566.0000,"5,592.0000","8,572.6698",663.0000,"6,546.0000","8,572.6698",628.0000,"6,207.0000","8,572.6698",688.0000,"6,792.0000","8,572.6698",665.0000,"6,569.0000","8,572.6698",933.0000,"9,218.0000","8,572.6698",799.0000,"7,889.0000","8,572.6698",863.0000,"8,524.0000","8,572.6698",961.0000,"9,495.0000","8,572.6698","1,027.0000","10,150.0000","8,572.6698","1,027.0000","10,150.0000","8,572.6698","1,100.0000","10,869.0000","8,572.6698","1,178.0000","11,638.0000","8,572.6698","1,261.0000","12,462.0000","8,572.6698","1,351.0000","13,352.0000","8,572.6698","1,448.0000","14,305.0000",0.1012,0.1012
96,"9,664.3695",715.0000,"6,784.0000","9,664.3695",837.0000,"7,942.0000","9,664.3695",793.0000,"7,531.0000","9,664.3695",868.0000,"8,241.0000","9,664.3695",840.0000,"7,970.0000","9,664.3695","1,178.0000","11,183.0000","9,664.3695","1,008.0000","9,571.0000","9,664.3695","1,090.0000","10,341.0000","9,664.3695","1,214.0000","11,520.0000","9,664.3695","1,297.0000","12,315.0000","9,664.3695","1,297.0000","12,315.0000","9,664.3695","1,389.0000","13,187.0000","9,664.3695","1,488.0000","14,120.0000","9,664.3695","1,593.0000","15,120.0000","9,664.3695","1,707.0000","16,199.0000","9,664.3695","1,829.0000","17,355.0000",0.1053,0.1053
97,"9,030.0444",721.0000,"7,196.0000","9,030.0444",844.0000,"8,424.0000","9,030.0444",801.0000,"7,988.0000","9,030.0444",876.0000,"8,741.0000","9,030.0444",847.0000,"8,454.0000","9,030.0444","1,189.0000","11,862.0000","9,030.0444","1,017.0000","10,152.0000","9,030.0444","1,099.0000","10,969.0000","9,030.0444","1,224.0000","12,219.0000","9,030.0444","1,309.0000","13,063.0000","9,030.0444","1,309.0000","13,063.0000","9,030.0444","1,402.0000","13,987.0000","9,030.0444","1,501.0000","14,978.0000","9,030.0444","1,607.0000","16,038.0000","9,030.0444","1,722.0000","17,183.0000","9,030.0444","1,845.0000","18,409.0000",0.1002,0.1002
98,"8,979.8982","1,058.0000","8,932.0000","8,979.8982","1,239.0000","10,456.0000","8,979.8982","1,175.0000","9,915.0000","8,979.8982","1,286.0000","10,850.0000","8,979.8982","1,244.0000","10,493.0000","8,979.8982","1,745.0000","14,724.0000","8,979.8982","1,493.0000","12,602.0000","8,979.8982","1,614.0000","13,615.0000","8,979.8982","1,797.0000","15,167.0000","8,979.8982","1,921.0000","16,214.0000","8,979.8982","1,921.0000","16,214.0000","8,979.8982","2,058.0000","17,362.0000","8,979.8982","2,203.0000","18,591.0000","8,979.8982","2,359.0000","19,907.0000","8,979.8982","2,528.0000","21,328.0000","8,979.8982","2,708.0000","22,850.0000",0.1185,0.1185
99,"9,122.6417","2,008.0000","16,625.0000","9,122.6417","2,350.0000","19,462.0000","9,122.6417","2,229.0000","18,455.0000","9,122.6417","2,439.0000","20,195.0000","9,122.6417","2,358.0000","19,532.0000","9,122.6417","3,309.0000","27,406.0000","9,122.6417","2,832.0000","23,456.0000","9,122.6417","3,060.0000","25,343.0000","9,122.6417","3,409.0000","28,230.0000","9,122.6417","3,644.0000","30,179.0000","9,122.6417","3,644.0000","30,179.0000","9,122.6417","3,902.0000","32,316.0000","9,122.6417","4,178.0000","34,603.0000","9,122.6417","4,474.0000","37,053.0000","9,122.6417","4,794.0000","39,698.0000","9,122.6417","5,136.0000","42,531.0000",0.1207,0.1207
ALL,"903,629.0159","16,938.0000","195,054.0000","903,629.0159","19,828.0000","228,343.0000","903,629.0159","18,803.0000","216,531.0000","903,629.0159","20,575.0000","236,945.0000","903,629.0159","19,899.0000","229,157.0000","903,629.0159","27,922.0000","321,546.0000","903,629.0159","23,897.0000","275,197.0000","903,629.0159","25,819.0000","297,337.0000","903,629.0159","28,761.0000","331,216.0000","903,629.0159","30,747.0000","354,081.0000","903,629.0159","30,747.0000","354,081.0000","903,629.0159","32,923.0000","379,147.0000","903,629.0159","35,254.0000","405,987.0000","903,629.0159","37,750.0000","434,727.0000","903,629.0159","40,444.0000","465,757.0000","903,629.0159","43,331.0000","499,002.0000",0.0868,0.0868
